{
  "eslint.config.mjs": 1776975895.142882,
  "next-env.d.ts": 1776941478.365348,
  "next.config.ts": 1765385332.2166567,
  "postcss.config.mjs": 1765385332.1720347,
  "docs\\tfg\\ui-refresh\\inspiration\\01-background-paths.tsx": 1776975895.1222475,
  "docs\\tfg\\ui-refresh\\inspiration\\02-radial-orbital-timeline.tsx": 1776975895.1222475,
  "docs\\tfg\\ui-refresh\\inspiration\\03-spline-scene.tsx": 1776975895.1237593,
  "docs\\tfg\\ui-refresh\\inspiration\\04-aurora-background.tsx": 1776975895.1237593,
  "docs\\tfg\\ui-refresh\\inspiration\\05-cpu-architecture.tsx": 1776975895.1257398,
  "docs\\tfg\\ui-refresh\\inspiration\\06-animated-ai-input.tsx": 1776975895.1257398,
  "docs\\tfg\\ui-refresh\\inspiration\\dependencies\\spotlight-aceternity.tsx": 1776975895.1338046,
  "docs\\tfg\\ui-refresh\\inspiration\\dependencies\\spotlight-ibelick.tsx": 1776975895.1348112,
  "src\\middleware.ts": 1765396854.6902745,
  "src\\actions\\auth.ts": 1765386826.1314692,
  "src\\actions\\chats.ts": 1777016124.468541,
  "src\\actions\\notes.ts": 1776975895.1544821,
  "src\\actions\\settings.ts": 1776975895.1559968,
  "src\\app\\layout.tsx": 1776975895.1661582,
  "src\\app\\(auth)\\error.tsx": 1776975895.1570024,
  "src\\app\\(auth)\\loading.tsx": 1776975895.1575098,
  "src\\app\\(auth)\\login\\page.tsx": 1776975895.1585166,
  "src\\app\\(dashboard)\\error.tsx": 1776975895.1590235,
  "src\\app\\(dashboard)\\layout.tsx": 1776975895.1600296,
  "src\\app\\(dashboard)\\loading.tsx": 1776975895.161076,
  "src\\app\\(dashboard)\\page.tsx": 1776975895.1620836,
  "src\\app\\(dashboard)\\settings\\page.tsx": 1776975895.1636,
  "src\\app\\api\\chat\\route.ts": 1776979563.4477508,
  "src\\app\\api\\dev\\whoami\\route.ts": 1776893710.9427652,
  "src\\app\\api\\health\\route.test.ts": 1774215275.4447901,
  "src\\app\\api\\health\\route.ts": 1774215275.4452903,
  "src\\app\\api\\mcp\\route.ts": 1776893084.6269343,
  "src\\app\\api\\stats\\route.test.ts": 1776293983.7104566,
  "src\\app\\api\\stats\\route.ts": 1776293983.7104566,
  "src\\app\\api\\version\\route.test.ts": 1776293983.7109563,
  "src\\app\\api\\version\\route.ts": 1776293983.7109563,
  "src\\app\\auth\\callback\\route.ts": 1765386856.443585,
  "src\\components\\command-palette.tsx": 1773689675.682523,
  "src\\components\\dashboard-header.tsx": 1776975895.171697,
  "src\\components\\global-shortcuts.tsx": 1776979861.773423,
  "src\\components\\keyboard-shortcuts-dialog.tsx": 1776979887.5051384,
  "src\\components\\language-provider.tsx": 1776975895.1737223,
  "src\\components\\language-switcher.tsx": 1765388101.6001356,
  "src\\components\\theme-toggle.tsx": 1776975895.1843755,
  "src\\components\\backgrounds\\background-paths.tsx": 1776975895.1676776,
  "src\\components\\chat\\chat-sidebar.tsx": 1777016237.859224,
  "src\\components\\chat\\message-actions.tsx": 1776978922.6794639,
  "src\\components\\notes\\compose-zone.tsx": 1776975895.1752343,
  "src\\components\\notes\\create-note-form.tsx": 1776975895.1767485,
  "src\\components\\notes\\edit-note-dialog.tsx": 1776975895.1767485,
  "src\\components\\notes\\filter-bar.tsx": 1776975895.1782675,
  "src\\components\\notes\\note-grid.tsx": 1777016660.3384995,
  "src\\components\\notes\\note-markdown.tsx": 1776975895.180787,
  "src\\components\\settings\\settings-view.tsx": 1776975895.1828766,
  "src\\components\\settings\\tags-manager.tsx": 1776975895.183376,
  "src\\components\\ui\\alert-dialog.tsx": 1765395141.3465385,
  "src\\components\\ui\\badge.tsx": 1765490859.4594522,
  "src\\components\\ui\\button.tsx": 1765385594.5274975,
  "src\\components\\ui\\card.tsx": 1765392801.8680365,
  "src\\components\\ui\\command.tsx": 1776975895.1848214,
  "src\\components\\ui\\dialog.tsx": 1765489856.1718132,
  "src\\components\\ui\\input.tsx": 1765385594.6115713,
  "src\\components\\ui\\label.tsx": 1765385594.7639086,
  "src\\components\\ui\\popover.tsx": 1765492248.2667687,
  "src\\components\\ui\\scroll-area.tsx": 1765388690.4028316,
  "src\\components\\ui\\select.tsx": 1765492281.0823236,
  "src\\components\\ui\\sheet.tsx": 1765395594.2608335,
  "src\\components\\ui\\sonner.tsx": 1765393848.351615,
  "src\\components\\ui\\switch.tsx": 1776293983.7134695,
  "src\\components\\ui\\tag-input.tsx": 1765490862.585197,
  "src\\components\\ui\\tag-selector.tsx": 1776975895.1863337,
  "src\\components\\ui\\textarea.tsx": 1765387778.1328785,
  "src\\lib\\ai.ts": 1772151075.652048,
  "src\\lib\\format-relative.ts": 1776975895.1873393,
  "src\\lib\\translations.ts": 1776975895.1878474,
  "src\\lib\\utils.ts": 1765385521.1907935,
  "src\\lib\\mcp\\auth.test.ts": 1776893106.8250191,
  "src\\lib\\mcp\\auth.ts": 1776893074.2875836,
  "src\\lib\\mcp\\server.ts": 1776893080.699061,
  "src\\lib\\mcp\\tools\\search-notes.ts": 1776893078.2696464,
  "src\\lib\\supabase\\client.ts": 1765396602.0678492,
  "src\\lib\\supabase\\middleware.ts": 1765396839.6432705,
  "src\\lib\\supabase\\server.ts": 1765386100.7862973,
  "src\\services\\notes.service.test.ts": 1776893114.2539933,
  "src\\services\\notes.service.ts": 1776893066.7691307,
  "src\\types\\database.ts": 1776975895.1888528,
  "tfg\\main.toc": 1776887719.6153672,
  "CLAUDE.md": 1773687345.4268973,
  "README.md": 1776981405.1821928,
  "docs\\tfg\\00-decision-log.md": 1776617352.98154,
  "docs\\tfg\\01-scope.md": 1776610468.8485484,
  "docs\\tfg\\02-research-mcp-agents-2026.md": 1776610468.8490489,
  "docs\\tfg\\03-memoria-plan.md": 1776610468.8495486,
  "docs\\tfg\\04-gantt.md": 1776610468.8495486,
  "docs\\tfg\\05-defense-points.md": 1776610468.8505538,
  "docs\\tfg\\backlog.md": 1777016897.4490392,
  "docs\\tfg\\extend.md": 1777016936.4339738,
  "docs\\tfg\\README.md": 1776610468.8505538,
  "docs\\tfg\\setmana-2.md": 1776896180.599749,
  "docs\\tfg\\ui-refresh\\README.md": 1776975895.0953999,
  "docs\\tfg\\ui-refresh\\after-ui2\\README.md": 1776975895.098935,
  "docs\\tfg\\ui-refresh\\baseline\\README.md": 1776975895.1207347,
  "docs\\tfg\\ui-refresh\\inspiration\\README.md": 1776975895.1327968,
  "docs\\tfg\\ui-refresh\\mockups\\README.md": 1776975895.1413689,
  "docs\\guia_APA_7edicion.pdf": 1773686812.371946,
  "docs\\guia_tfg.pdf": 1773686779.31166,
  "docs\\TFG_2025.pdf": 1773686775.6099935,
  "docs\\TFG_8213.pdf": 1765483298.944225,
  "tfg\\main.pdf": 1776887719.7190099,
  "docs\\tfg\\ui-refresh\\after-ui2\\01-login-light-1440.png": 1776975895.0969152,
  "docs\\tfg\\ui-refresh\\after-ui2\\02-login-dark-1440.png": 1776975895.097422,
  "docs\\tfg\\ui-refresh\\after-ui2\\03-login-dark-mobile.png": 1776975895.098935,
  "docs\\tfg\\ui-refresh\\baseline\\01-login-light-1440.png": 1776975895.1009538,
  "docs\\tfg\\ui-refresh\\baseline\\02-login-dark-1440.png": 1776975895.102976,
  "docs\\tfg\\ui-refresh\\baseline\\03-login-dark-mobile.png": 1776975895.102976,
  "docs\\tfg\\ui-refresh\\baseline\\04-dashboard-light-1440.png": 1776975895.1060069,
  "docs\\tfg\\ui-refresh\\baseline\\05-dashboard-dark-1440.png": 1776975895.108526,
  "docs\\tfg\\ui-refresh\\baseline\\06-command-palette-dark.png": 1776975895.1105506,
  "docs\\tfg\\ui-refresh\\baseline\\07-note-editor-loaded-dark.png": 1776975895.1131008,
  "docs\\tfg\\ui-refresh\\baseline\\08-chat-existing-dark.png": 1776975895.1151152,
  "docs\\tfg\\ui-refresh\\baseline\\09-dashboard-dark-mobile.png": 1776975895.1171823,
  "docs\\tfg\\ui-refresh\\baseline\\10-chat-existing-light-1440.png": 1776975895.119728,
  "docs\\tfg\\ui-refresh\\mockups\\A-graphite-electric-dark.png": 1776975895.1353183,
  "docs\\tfg\\ui-refresh\\mockups\\A-graphite-electric-light.png": 1776975895.1368327,
  "docs\\tfg\\ui-refresh\\mockups\\B-zinc-emerald-dark.png": 1776975895.13784,
  "docs\\tfg\\ui-refresh\\mockups\\B-zinc-emerald-light.png": 1776975895.1383474,
  "docs\\tfg\\ui-refresh\\mockups\\C-navy-amber-dark.png": 1776975895.1393523,
  "docs\\tfg\\ui-refresh\\mockups\\C-navy-amber-light.png": 1776975895.1403582,
  "public\\file.svg": 1765385332.1760726,
  "public\\globe.svg": 1765385332.1821125,